Wall time,Step,Value
1584053145.8311622,0,0.6456953883171082
1584053426.898672,1,0.6410595774650574
1584053782.140024,2,0.6428807973861694
1584054181.6000152,3,0.6377483606338501
1584054525.155936,4,0.6387417316436768
1584054895.378171,5,0.6438741683959961
1584055298.78564,6,0.6470198631286621
1584055771.945492,7,0.6455298066139221
1584056141.8475862,8,0.6447019577026367
1584056565.84368,9,0.6456953883171082
1584056908.6901639,10,0.6468542814254761
1584057239.476114,11,0.6447019577026367
1584057596.64833,12,0.6473509669303894
1584057914.1753469,13,0.6498344540596008
1584058180.5470998,14,0.6538079380989075
1584058484.473004,15,0.6504966616630554
1584058785.646763,16,0.6509934067726135
1584059075.1564002,17,0.6539735198020935
1584059394.9920619,18,0.6508278250694275
1584059743.468796,19,0.6466887593269348
1584060059.895696,20,0.6508278250694275
1584060416.074825,21,0.6498344540596008
1584060806.155412,22,0.6486755013465881
1584061181.929955,23,0.6524834632873535
1584061686.8679428,24,0.6519867777824402
1584062170.368576,25,0.6498344540596008
1584062587.2487628,26,0.6506622433662415
1584063011.56262,27,0.6495032906532288
1584063500.828415,28,0.6506622433662415
1584063991.288927,29,0.6513245105743408
1584064446.3661451,30,0.6491721868515015
1584064863.52979,31,0.6490066051483154
1584065180.3700008,32,0.6506622433662415
1584065604.453245,33,0.6498344540596008
1584066009.372087,34,0.6508278250694275
1584066313.671392,35,0.6488410830497742
1584066700.953133,36,0.6514900922775269
1584067017.7058089,37,0.6519867777824402
1584067284.9746282,38,0.6506622433662415
1584067603.018656,39,0.6526489853858948
1584067984.2688792,40,0.6488410830497742
1584068292.97221,41,0.6483443975448608
1584068652.344495,42,0.6499999761581421
1584068962.1132329,43,0.6519867777824402
1584069298.580304,44,0.6496688723564148
1584069618.457325,45,0.6528145670890808
1584070001.833986,46,0.6554635763168335
1584070380.789796,47,0.6488410830497742
1584070763.673453,48,0.6521522998809814
