Wall time,Step,Value
1579806802.135818,1,1.5019049644470215
1579806822.768898,2,0.9863904714584351
1579806837.1510599,3,0.9039856195449829
1579806854.263695,4,0.876481831073761
1579806870.38681,5,0.8490601778030396
1579806885.11057,6,0.829205334186554
1579806898.067719,7,0.815329909324646
1579806913.292724,8,0.8068690299987793
1579806929.521369,9,0.8016014695167542
1579806941.990425,10,0.7952978014945984
1579806955.556053,11,0.7930509448051453
1579806971.6118689,12,0.7907752990722656
1579806985.3576372,13,0.7894762754440308
1579806998.549359,14,0.789574921131134
1579807012.54431,15,0.7875216603279114
1579807028.176539,16,0.7877016663551331
1579807041.119236,17,0.7870707511901855
1579807053.471603,18,0.7869989275932312
1579807066.688117,19,0.7867624163627625
1579807079.3964548,20,0.788624107837677
1579807092.794931,21,0.7879870533943176
1579807110.3570418,22,0.7852135300636292
1579807127.535137,23,0.7871509194374084
1579807141.680133,24,0.7852547764778137
1579807154.2681441,25,0.7863020896911621
1579807167.5862641,26,0.7879733443260193
1579807181.186014,27,0.7876439690589905
1579807196.673515,28,0.7867475748062134
1579807215.83149,29,0.7876394987106323
1579807234.435217,30,0.7893518209457397
1579807248.301673,31,0.7872384786605835
1579807262.161419,32,0.7862556576728821
1579807274.874211,33,0.7855561375617981
1579807289.42095,34,0.7856858372688293
1579807306.6691892,35,0.7883452773094177
1579807321.228752,36,0.7872335314750671
1579807342.441289,37,0.7870402932167053
1579807363.6032782,38,0.787208080291748
1579807379.181508,39,0.7875834107398987
